"","taxon","node","MCC_height","richness","heightMedian","heightMean","height_95._HPD_MIN","height_95._HPD_MAX"
"1","Afroth.",11370,82.432095939,92,80.18,80.03,63.98,94.52
"2","Euarchontoglires",8375,74.189713614,2963,76.71,77,67.84,87.35
"3","Laurasiatheria",5920,80.567654614,2456,75.03,75.11,66.31,84.13
"4","Marsupialia",11461,87.988127624,362,79,79.41,67.92,92.77
"5","Monotremata",5913,50.463858114,5,49.55,50.26,43.86,58.77
"6","Xenart.",11338,73.774772254,33,66.73,67.37,52.96,83.85
"7","Afrotheria",11370,82.432095939,92,80.18,80.03,63.98,94.52
"8","Camelidae",6438,8.49279824199996,7,9.58,9.57,7.06,12.17
"9","Caniformes",6911,35.173339535,172,34.22,34.53,28.62,40.42
"10","Catarrhini",8704,20.935174901,152,20.69,20.7,17.02,24.64
"11","Dasyuromorphia",11599,37.40453086,78,33.6,34.05,27.71,40.88
"12","Dermoptera",8378,11.257428744,2,9.03,9.59,3.27,16.47
"13","Didelphimorphia",11469,42.654882085,106,38.09,38.26,31.3,45.15
"14","Diprodontia",11677,57.202170996,146,48.56,48.74,41.11,57.52
"15","Erinaceidae",6388,55.253089483,24,46.65,46.72,39.11,53.72
"16","Feliformes",6786,26.410707314,126,26.97,27.21,22.3,32.16
"17","Guinea_pig-related",9177,66.232805283,304,61.81,61.69,53.03,69.3
"18","Lagomorpha",11247,47.723104894,91,50.26,50.92,47.6,56.03
"19","Monotremata",5913,50.463858114,5,49.55,50.26,43.86,58.77
"20","Mouse-related",9480,60.979522614,1768,65.02,65,58.36,71.61
"21","Notoryctemorphia",11577,7.44065192799999,2,6.13,6.19,3.63,8.95
"22","Paucituberculata",11462,19.511652364,7,16.36,16.4,12.34,20.29
"23","Peramelemorphia",11578,65.53782829,22,58.36,58.64,49.45,68.91
"24","Perissodactyla",6414,41.915481124,24,38.45,38.69,32.58,45.03
"25","Pholidota",7082,29.541092474,8,26.17,27.09,17.93,38.18
"26","Platyrrhini",8544,17.170051109,161,16.96,17.01,14.21,20.07
"27","Ruminantia",6560,34.5205411049999,225,33.71,34.03,29.07,41.32
"28","Scandentia",8379,47.745701384,20,52.1,52.8,38.05,68.38
"29","Solenodontidae",5922,5.297242082,3,5.75,10.9,0.15,39.59
"30","Soricidae",5969,48.009720323,420,46.7,47.21,39.51,55.16
"31","Squirrel-related",8858,60.796469599,320,49.66,49.84,42.14,57.39
"32","Strepsirrhini",8399,47.994056736,135,49.52,49.64,42.15,56.97
"33","Suina",6445,24.723159456,21,26.17,26.24,21.3,31.09
"34","Talpidae",5925,43.568351067,44,40.74,40.55,32.77,47.67
"35","Tarsiiformes",8534,12.825027169,10,15.21,15.69,11.43,19.69
"36","Whippomorpha",6466,40.5330743649999,95,39.04,39.32,32.73,46.44
"37","Xenarthra",11338,73.774772254,33,66.73,67.37,52.96,83.85
"38","Yangochiroptera",7090,50.764252614,902,51.7,51.92,45.31,58.79
"39","Yinpterochiroptera",7991,45.805077379,385,50.24,50.46,41.44,60.26
"40","AFROSORICIDA",11407,68.644360793,55,70,70.37,56.48,85.78
"41","CARNIVORA",6785,40.459815454,298,39.79,40.23,33.9,47.88
"42","CETARTIODACTYLA",6437,58.624422302,348,58.06,58.39,50.3,67.12
"43","CHIROPTERA",7089,55.103620614,1287,56.79,57.05,48.67,66.03
"44","CINGULATA",11339,42.174723124,21,37.2,37.56,27.69,47.88
"45","DASYUROMORPHIA",11599,37.40453086,78,33.6,34.05,27.71,40.88
"46","DERMOPTERA",8378,11.257428744,2,9.03,9.59,3.27,16.47
"47","DIDELPHIMORPHIA",11469,42.654882085,106,38.09,38.26,31.3,45.15
"48","DIPROTODONTIA",11677,57.202170996,146,48.56,48.74,41.11,57.52
"49","EULIPOTYPHLA",5921,78.906148412,491,74.21,74.27,65.4,83.61
"50","HYRACOIDEA",11383,8.01797929809996,5,9.78,10.01,4.25,15.38
"51","LAGOMORPHA",11247,47.723104894,91,50.26,50.92,47.6,56.03
"52","MACROSCELIDEA",11389,60.619606693,19,58.98,59.04,44.76,71.67
"53","MONOTREMATA",5913,50.463858114,5,49.55,50.26,43.86,58.77
"54","NOTORYCTEMORPHIA",11577,7.44065192799999,2,6.13,6.19,3.63,8.95
"55","PAUCITUBERCULATA",11462,19.511652364,7,16.36,16.4,12.34,20.29
"56","PERAMELEMORPHIA",11578,65.53782829,22,58.36,58.64,49.45,68.91
"57","PERISSODACTYLA",6414,41.915481124,24,38.45,38.69,32.58,45.03
"58","PHOLIDOTA",7082,29.541092474,8,26.17,27.09,17.93,38.18
"59","PILOSA",11359,65.603208091,12,59.25,59.84,46.82,75.26
"60","PRIMATES",8398,67.283850026,458,67.07,67.12,57.58,76.92
"61","PROBOSCIDEA",11377,9.67952648809998,7,9.7,10.11,4.83,16.21
"62","RODENTIA",8856,69.547414614,2392,67.89,67.91,60.53,75.15
"63","SCANDENTIA",8379,47.745701384,20,52.1,52.8,38.05,68.38
"64","SIRENIA",11372,16.123541469,5,13.87,14.26,7.04,22.64
"65","ABROCOMIDAE",9471,8.86387528399996,10,10.54,11.18,6.45,18.29
"66","ACROBATIDAE",11821,30.31192399,2,23.43,23.58,17.75,29.4
"67","ANOMALURIDAE",9483,15.776961494,7,20.57,22.09,9.95,38.39
"68","AOTIDAE",8667,9.56579126099996,11,9.04,9.08,4.18,13.88
"69","Archaeolemuridae",8451,0.092412497999959,2,1.23,2.27,0.01,8.2
"70","ATELIDAE",8677,10.405701691,28,11.19,11.28,8.72,13.79
"71","BALAENIDAE",6473,4.36656729799995,4,4.32,4.41,3.33,5.58
"72","BALAENOPTERIDAE",6472,8.39867748599994,8,9.13,9.24,6.42,11.86
"73","BATHYERGIDAE",9199,17.251363424,19,13.99,14.16,10.96,17.86
"74","BOVIDAE",6637,13.300832441,148,14.52,14.52,12.14,16.84
"75","BRADYPODIDAE",11367,17.368017658,4,16.42,16.63,10.07,23.61
"76","BURRAMYIDAE",11683,34.654308262,5,27,27.07,21.27,33.16
"77","CAENOLESTIDAE",11462,19.511652364,7,16.36,16.4,12.34,20.29
"78","CALLITRICHIDAE",8604,11.403729977,47,10.92,10.96,8.71,13.11
"79","CALOMYSCIDAE",11081,31.188003734,8,25.99,26.6,4.65,48.96
"80","CAMELIDAE",6438,8.49279824199996,7,9.58,9.57,7.06,12.17
"81","CANIDAE",6912,9.14583497499996,38,9.14,9.18,7.38,11.16
"82","CAPROMYIDAE",9371,10.3841057099999,19,10.43,10.81,7.32,15.44
"83","CASTORIDAE",11246,3.49820501399995,2,4.07,4.13,2.51,5.98
"84","CAVIIDAE",9233,18.8283815359999,20,16.96,17.1,13.62,20.99
"85","CEBIDAE",8651,12.113166626,17,12.35,12.31,9.97,14.64
"86","CERCOPITHECIDAE",8731,13.272509124,125,12.77,12.78,10.34,15.19
"87","CERVIDAE",6574,9.39665835599993,57,9.71,9.84,7.72,12.12
"88","CHEIROGALEIDAE",8474,18.520629118,34,19.12,19.16,16.09,22.34
"89","CHINCHILLIDAE",9271,13.0495401939999,8,16.27,16.3,11.58,21
"90","CHRYSOCHLORIDAE",11441,22.756618373,21,21.29,22.95,12.62,40.44
"91","CRICETIDAE",10293,37.485467064,726,35.58,35.67,31.38,40.54
"92","CTENODACTYLIDAE",9179,9.83197662299997,5,9.39,11.38,4.93,25.95
"93","CTENOMYIDAE",9394,5.82704412899994,65,5.84,6.77,3.61,13.3
"94","CUNICULIDAE",9219,4.29380786199997,2,3.41,3.44,1.59,5.27
"95","CYNOCEPHALIDAE",8378,11.257428744,2,9.03,9.59,3.27,16.47
"96","DASYPODIDAE",11339,42.174723124,21,37.2,37.56,27.69,47.88
"97","DASYPROCTIDAE",9221,7.75296271599996,13,7.94,8,5.68,10.52
"98","DASYURIDAE",11601,30.54172247,76,26.24,26.4,21.46,31.54
"99","DELPHINIDAE",6471,17.6869883919999,38,17.34,17.44,13.64,21.42
"100","DIDELPHIDAE",11469,42.654882085,106,38.09,38.26,31.3,45.15
"101","DIPODIDAE",11089,52.417986573,51,33.16,33.44,26.13,40.55
"102","DUGONGIDAE",11372,16.123541469,2,13.87,14.26,7.04,22.64
"103","ECHIMYIDAE",9280,20.5993878359999,94,17.99,18.1,15.03,21.35
"104","ELEPHANTIDAE",11378,2.69590655809998,4,4.69,4.86,2.26,7.66
"105","EMBALLONURIDAE",7108,37.204616279,54,35.55,35.74,29.86,41.85
"106","EQUIDAE",6415,10.375243554,13,10.52,10.63,8.04,13.29
"107","ERETHIZONTIDAE",9253,22.2856310069999,17,20.23,20.39,14.98,25.9
"108","ERINACEIDAE",6388,55.253089483,24,46.65,46.72,39.11,53.72
"109","EUPLERIDAE",6824,9.46022485499995,10,11.12,11.21,8.75,13.61
"110","FELIDAE",6871,7.10250392999995,41,6.92,7.21,5.23,9.05
"111","FURIPTERIDAE",7776,0.277994666000012,2,3.5,6.47,0.03,23.21
"112","GALAGIDAE",8409,13.377243797,19,13.4,13.46,10.63,16.41
"113","GEOMYIDAE",11164,12.0342421619999,43,11.15,11.23,9.19,13.58
"114","GIRAFFIDAE",6572,9.36952464499996,2,9.09,9.11,5.99,11.8
"115","GLIRIDAE",8859,33.416364749,29,27.07,27.48,20.8,33.4
"116","HERPESTIDAE",6833,7.00029751799994,34,8.57,8.69,6.57,10.76
"117","HETEROMYIDAE",11140,23.5670216539999,64,25.52,25.64,21.34,29.98
"118","HIPPOPOTAMIDAE",6467,4.29815627499994,4,5.25,5.42,3.31,7.69
"119","HIPPOSIDERIDAE",8090,25.625737209,93,27.4,27.59,22.7,33.17
"120","HOMINIDAE",8722,10.6794811,10,10.02,10.1,8.07,12.53
"121","HYAENIDAE",6866,3.23639385599995,4,4.84,4.82,3.18,6.33
"122","HYLOBATIDAE",8706,5.58894991399998,17,5.18,5.21,3.92,6.56
"123","HYSTRICIDAE",9184,22.569211813,11,17.17,17.27,13.02,21.7
"124","INDRIIDAE",8432,11.564768318,19,11.27,11.32,8.96,14.05
"125","INIIDAE",6556,11.6525107394,5,10.79,10.86,8.68,13.36
"126","LEMURIDAE",8454,12.6190534749999,21,13.42,13.43,10.97,16.19
"127","LEPILEMURIDAE",8479,6.30746506999995,26,7.75,8.2,5.36,12.95
"128","LEPORIDAE",11275,29.858328364,62,24.9,26.27,18.51,40.04
"129","LORISIDAE",8400,20.123135196,11,22.41,22.4,18.57,26.19
"130","MACROPODIDAE",11715,17.334866571,67,14.96,15.07,12.21,18
"131","MACROSCELIDIDAE",11389,60.619606693,19,58.98,59.04,44.76,71.67
"132","Mammutidae",11377,9.67952648809998,3,9.7,10.11,4.83,16.21
"133","MANIDAE",7082,29.541092474,8,26.17,27.09,17.93,38.18
"134","MEGADERMATIDAE",7999,24.867252331,5,23.11,24.28,13.49,37.92
"135","MEGALONYCHIDAE",11365,5.41619762499997,2,6.3,6.47,2.75,10.4
"136","MEPHITIDAE",7071,17.075551401,12,16.68,16.79,13.79,20.2
"137","MOLOSSIDAE",7174,28.4933049449999,111,28.17,28.53,17.02,40.36
"138","MONODONTIDAE",6514,2.61430127049996,2,2.76,2.79,1.37,4.25
"139","MORMOOPIDAE",7777,34.255924994,9,35.45,35.57,29.85,41.48
"140","MOSCHIDAE",6631,3.92472081899993,7,3.67,3.99,1.54,6.71
"141","MURIDAE",9515,45.232012556,779,47.41,47.49,42.83,52.78
"142","MUSTELIDAE",7012,13.5630015473,60,14.87,14.98,12.05,18.24
"143","MYRMECOPHAGIDAE",11361,13.390576591,3,13.83,14.01,7.79,20.03
"144","MYSTACINIDAE",7990,2.70307470100002,2,3.47,6.67,0.01,25.39
"145","MYZOPODIDAE",7766,0.504078499999991,2,0.65,0.69,0.18,1.32
"146","NATALIDAE",7162,11.380082169,12,14.82,15.02,10.92,19.5
"147","NESOMYIDAE",11019,39.572745731,63,40.98,41.18,33.63,48.9
"148","NESOPHONTIDAE",6262,24.515263314,6,6.4,8.3,0.92,20.64
"149","NOCTILIONIDAE",7775,2.337814896,2,2.05,2.06,1.01,3.26
"150","NOTORYCTIDAE",11577,7.44065192799999,2,6.13,6.19,3.63,8.95
"151","NYCTERIDAE",7093,15.166355724,16,20.3,22.93,13.07,40.03
"152","OCHOTONIDAE",11248,13.148207804,28,13.44,13.67,10.67,16.68
"153","OCTODONTIDAE",9458,8.52338580399996,14,9.16,9.22,7.03,11.5
"154","OTARIIDAE",6963,4.01197815399993,16,4.9,4.9,3.55,6.21
"155","PEDETIDAE",9482,2.25056920399996,2,4.26,4.98,0.56,11.12
"156","PERAMELIDAE",11581,26.923914314,19,16.29,16.78,12.34,21.93
"157","PETAURIDAE",11811,26.889745796,11,23.47,23.64,18.72,28.47
"158","PHALANGERIDAE",11687,19.579759592,26,18.55,18.59,14.34,23.06
"159","PHOCIDAE",6978,7.61142527099994,19,8.01,8.1,6.4,9.9
"160","PHOCOENIDAE",6515,3.35147771149997,7,3.77,3.8,2.56,5.06
"161","PHYLLOSTOMIDAE",7779,27.024973393,205,27.43,27.57,23.22,32.46
"162","PHYSETERIDAE",6491,11.2956998177999,3,10.13,10.23,7.2,13.11
"163","PITHECIIDAE",8545,14.8940787529999,58,14.73,14.78,12.15,17.77
"164","PLATACANTHOMYIDAE",11088,7.31547362399996,2,19.3,21.36,0.15,47.68
"165","POTOROIDAE",11781,17.164045364,11,14.46,14.51,11.43,17.83
"166","PRIONODONTIDAE",6870,7.55750667999996,2,6.52,6.6,4.31,9.16
"167","PROCAVIIDAE",11383,8.01797929809996,5,9.78,10.01,4.25,15.38
"168","PROCYONIDAE",6999,18.0521441113,14,17.54,17.67,14.23,21.15
"169","PSEUDOCHEIRIDAE",11794,26.210932626,18,24.01,24.14,19.34,28.72
"170","PTEROPODIDAE",8182,22.447214439,194,24.52,24.94,19.7,30.31
"171","RHINOCEROTIDAE",6432,14.479129084,6,13.85,13.97,11.19,17.1
"172","RHINOLOPHIDAE",8004,11.673493783,87,13.65,14.17,10.4,18.79
"173","RHINOPOMATIDAE",7994,8.45654109,5,10.13,10.76,6.4,15.75
"174","SCIURIDAE",8888,36.145988525,290,30.37,30.44,25.39,35.92
"175","SOLENODONTIDAE",5922,5.297242082,3,5.75,10.9,0.15,39.59
"176","SORICIDAE",5969,48.009720323,414,46.7,47.21,39.51,55.16
"177","SPALACIDAE",9493,34.931717714,21,31.68,31.93,25.06,38.77
"178","SUIDAE",6448,6.57642892599998,18,7.82,9.23,5.04,19.3
"179","TACHYGLOSSIDAE",5914,7.25622071399997,4,17.08,18.74,5.35,36.71
"180","TALPIDAE",5925,43.568351067,44,40.74,40.55,32.77,47.67
"181","TAPIRIDAE",6428,11.412898804,5,11.3,11.38,8.74,14.22
"182","TARSIIDAE",8534,12.825027169,10,15.21,15.69,11.43,19.69
"183","TAYASSUIDAE",6446,5.08842855599997,3,6.23,6.33,3.65,9.01
"184","TENRECIDAE",11408,59.637889421,34,58.2,58.81,45.51,74
"185","THRYONOMYIDAE",9197,0.737108743999954,2,1.98,4.05,0.01,16.08
"186","THYLACOMYIDAE",11580,3.97660034999998,2,3.75,6.12,0.02,20.86
"187","THYROPTERIDAE",7770,10.569193593,5,7.13,9.22,3.47,23.38
"188","TRAGULIDAE",6561,21.9019088649999,10,23.48,23.68,18.28,29.41
"189","TRICHECHIDAE",11374,2.74851716800001,3,1.53,1.67,0.32,3.22
"190","TUPAIIDAE",8380,28.246173084,19,34.88,36.16,19.56,55.36
"191","URSIDAE",6950,7.86325149599995,11,9.99,10.07,7.72,12.71
"192","VESPERTILIONIDAE",7284,38.360191344,482,37.66,37.93,32.33,44.76
"193","VIVERRIDAE",6789,12.6286828029999,34,14.28,14.39,11.73,17.45
"194","VOMBATIDAE",11679,5.36168500599999,3,5.25,5.33,3.42,7.27
"195","ZIPHIIDAE",6470,23.4502457449999,21,24.81,25.91,15.24,38.58
"196","Abrawayaomys",10623,0.0249185280999598,2,1.03,1.94,0.01,6.52
"197","Abrocoma",9471,8.86387528399996,8,10.54,11.18,6.45,18.29
"198","Abrothrix",10816,5.57640091729994,10,5.8,5.82,4.52,7.1
"199","Acerodon",8302,4.93308489520001,5,5.75,5.95,3.09,9.32
"200","Acomys",9621,19.1964052747,20,20.26,20.39,16.69,24.57
"201","Aconaemys",9469,2.13527003939996,3,2.07,2.09,0.95,3.2
"202","Aegialomys",10932,1.20729220023998,2,1.94,1.98,1.04,2.98
"203","Aepeomys",10737,5.10065777519995,2,2.06,3.21,0.01,10.14
"204","Aeromys",9153,7.71673966099996,2,1.52,2.16,0,6.28
"205","Aethalops",8373,1.17606176659001,2,0.58,0.63,0.09,1.23
"206","Aethomys",9942,13.2059332278999,11,13.17,13.21,10.63,15.81
"207","Ailurops",11711,10.8578607392,2,2.56,3.12,0.01,7.85
"208","Akodon",10643,19.7556967412,44,19.33,19.35,16.46,22.09
"209","Alces",6629,0.634917696899919,2,0.27,0.3,0.05,0.62
"210","Allactaga",11119,15.5300881918999,13,9.19,9.41,6.31,12.89
"211","Allocricetulus",10459,3.83646917009997,2,1.5,2.13,0.01,6.13
"212","Alouatta",8691,7.51721265329996,14,4.95,5.36,3.03,8.98
"213","Alticola",10418,5.43937791049996,12,6.23,6.27,5.02,7.67
"214","Amblysomus",11450,4.47131175399997,5,6.28,6.53,3.2,10.26
"215","Ammospermophilus",9083,2.25733223199995,4,2.18,2.74,0.9,7.09
"216","Andalgalomys",10845,5.25371333959995,2,4.94,4.97,3.28,6.73
"217","Anomalurus",9484,8.59877647099998,4,11.06,11.8,1.62,22.99
"218","Anoura",7958,14.0427822226,7,8.85,9.22,6.14,13.6
"219","Anourosorex",6259,4.80300023379999,4,3.47,6.28,0.88,20.04
"220","Antechinus",11664,12.434571475,14,10.84,10.94,8.15,13.99
"221","Aonyx",7041,2.96911034319993,3,3.05,3.09,1.99,4.19
"222","Aotus",8667,9.56579126099996,11,9.04,9.08,4.18,13.88
"223","Apodemus",10077,15.1344087495,20,15.42,15.48,13.27,18.09
"224","Apomys",10275,7.82641746569996,19,7.36,7.39,5.92,8.85
"225","Arborimus",10307,1.94592484499992,3,1.54,1.59,0.84,2.45
"226","Archaeolemur",8451,0.092412497999959,2,1.23,2.27,0.01,8.2
"227","Archboldomys",10259,3.79665897769996,2,4.12,4.15,2.54,5.66
"228","Arctocebus",8428,0.492068287999956,2,1.42,2.5,0.01,8.95
"229","Arctocephalus",6968,2.73440150189995,8,2.9,2.91,2.13,3.67
"230","Arielulus",7293,18.70096289,5,18.87,18.87,18.7,19.04
"231","Artibeus",7874,5.54043612670009,10,5.14,5.21,3.97,6.61
"232","Arvicanthis",9929,7.77336229189996,7,8.33,8.37,6.59,10.23
"233","Arvicola",10410,3.05913144619998,3,2.55,2.57,1.5,3.6
"234","Asellia",8180,11.530348905,3,4.37,6.12,0.11,17.42
"235","Aselliscus",8172,8.899000487,2,11.61,11.71,9.16,14.58
"236","Atelerix",6408,4.06065029899995,4,4.55,4.68,2.69,7.15
"237","Ateles",8679,2.10703463699997,7,2.36,2.38,1.53,3.23
"238","Atherurus",9185,10.852200223,2,7.79,7.87,5.65,10.33
"239","Auliscomys",10851,5.89711395222994,3,4.85,4.87,3.35,6.46
"240","Avahi",8442,6.66615569599998,9,3.99,4.57,2.02,8.45
"241","Axis",6604,2.68897050599995,4,2.43,2.5,1.31,3.76
"242","Babyrousa",6463,1.32088877749999,3,1.69,2.03,0.54,4.63
"243","Baiomys",10595,7.94242331299998,2,7.3,7.34,5.08,9.58
"244","Baiyankamys",9672,1.62550488299993,2,1.1,1.83,0,6.13
"245","Balaenoptera",6472,8.39867748599994,7,9.13,9.24,6.42,11.86
"246","Balantiopteryx",7129,12.200333735,3,11.65,11.77,8.69,15.17
"247","Bandicota",9761,7.59375091959996,3,8.75,8.77,7.38,10.15
"248","Barbastella",7489,11.450282084,3,10.45,10.44,7.52,13.19
"249","Bassaricyon",7009,2.93028434029998,4,3.13,3.18,2,4.5
"250","Bassariscus",7004,4.65399109829997,2,5.13,5.18,3.31,7.01
"251","Bathyergus",9216,2.13084721799999,2,1.9,1.96,0.84,3.25
"252","Batomys",9675,9.76643284829996,5,11.39,11.52,8.7,14.39
"253","Bdeogale",6840,2.01465061429994,4,1.54,1.68,0.65,3.03
"254","Berardius",6510,1.22663068149993,2,1.25,1.31,0.32,2.34
"255","Berylmys",9859,3.40712414459995,4,2.25,3,0.99,7.52
"256","Bettongia",11784,5.39593362100001,5,6.11,6.21,4.06,8.6
"257","Bibimys",10728,11.5124208572999,3,1.59,2.72,0.06,8.78
"258","Bison",6644,2.64684223879996,2,3.02,3.02,2.09,4.04
"259","Biswamoyopterus",9158,0.327688281799965,2,1.02,1.68,0.01,5.44
"260","Blanfordimys",10358,4.87001389799994,3,4.92,4.94,3.56,6.4
"261","Blarina",6277,3.49377540499998,3,3.34,3.4,1.83,5.3
"262","Blarinella",6309,5.72697505299996,3,6.1,6.19,3.44,8.8
"263","Boromys",9380,0.594551124999924,2,0.76,1.24,0,4.05
"264","Bos",6642,2.83347654899995,9,3.46,3.49,2.49,4.52
"265","Brachyphylla",7947,1.84175580010003,2,1.59,1.61,0.61,2.59
"266","Brachytarsomys",11056,15.043709542,2,4.64,6.74,0.05,20.08
"267","Brachyteles",8686,0.898281250999958,2,0.99,1.02,0.27,1.7
"268","Brachyuromys",11077,5.95693174459998,2,5.17,5.3,2.46,8.38
"269","Bradypus",11367,17.368017658,4,16.42,16.63,10.07,23.61
"270","Brucepattersonius",10719,8.80656459064994,8,5.57,5.68,3.7,7.78
"271","Bubalus",6654,1.50953680199996,4,2.05,2.07,1.14,3.14
"272","Bullimus",9791,1.67984421859995,3,2.88,2.91,1.92,3.95
"273","Bunomys",9767,3.87983266041999,8,4.68,4.71,3.25,6.04
"274","Cabassous",11356,8.66979109899998,4,9.05,9.14,2.01,16.52
"275","Cacajao",8599,2.13873063599996,4,2.31,2.32,1.35,3.22
"276","Caenolestes",11464,13.597527511,5,11.4,11.43,7.88,15.15
"277","Calcochloris",11460,3.73557597999999,2,2.26,2.87,0.06,7.25
"278","Callicebus",8546,7.79709316599994,33,8.13,8.62,5.58,13.23
"279","Callithrix",8626,4.274943976,6,5.37,5.52,3.85,7.59
"280","Callosciurus",8930,9.03875369789995,15,8.81,8.86,6.75,11.01
"281","Callospermophilus",9079,3.05829796399996,3,2.33,2.36,1.33,3.38
"282","Calomys",10868,8.87661237059993,14,9.13,9.22,7.47,11.13
"283","Calomyscus",11081,31.188003734,8,25.99,26.6,4.65,48.96
"284","Caluromys",11572,6.97439880499996,3,7.35,7.4,4.85,10.23
"285","Camelus",6442,3.05838678399996,3,2.68,2.77,1.58,4.01
"286","Canis",6941,3.20662566469994,8,3.47,3.49,2.57,4.51
"287","Capra",6754,3.85505916229999,10,3.45,3.47,2.36,4.51
"288","Capreolus",6628,1.00719893289994,2,1.47,1.48,0.47,2.57
"289","Capricornis",6740,3.18642428539999,6,2.46,2.54,1.4,3.8
"290","Caracal",6875,3.17861143079995,2,3.33,3.36,2.08,4.71
"291","Carollia",7812,7.12851929180007,7,6.4,6.45,4.73,8.36
"292","Carpomys",9671,0.953329397999937,2,1.35,2.2,0.01,7.14
"293","Caryomys",10447,4.21210812719994,2,3.71,3.73,2.48,5.07
"294","Casinycteris",8310,3.85957724900001,3,3.62,3.68,2.24,5.16
"295","Castor",11246,3.49820501399995,2,4.07,4.13,2.51,5.98
"296","Catopuma",6899,2.63118835247997,2,2.34,2.38,1.06,3.77
"297","Cavia",9246,6.12393143699992,7,4.51,4.69,2.66,6.68
"298","Cebus",8664,1.63473688399995,4,1.74,1.83,0.81,3.03
"299","Centronycteris",7148,6.40928669099995,2,7.27,7.35,4.53,10
"300","Cephalophus",6717,6.48214472889998,15,5.76,5.78,4.13,7.34
"301","Cephalorhynchus",6553,1.51497800071994,4,1.22,1.23,0.6,1.79
"302","Cercartetus",11684,24.474914232,4,15.85,15.94,11.21,20.46
"303","Cercocebus",8813,4.03920333449994,6,3.44,3.47,2.4,4.58
"304","Cercopithecus",8828,7.05853387459996,19,6.34,6.39,5.07,7.76
"305","Cerradomys",10955,5.53402928383997,8,6.39,6.44,4.8,8.12
"306","Cervus",6597,1.50936862069997,4,2.09,2.12,1.4,2.92
"307","Chaerephon",7183,8.85519662584997,17,7.12,7.24,5.23,9.43
"308","Chaetodipus",11230,12.8213351089999,17,11.76,11.81,9.46,14.33
"309","Chaetophractus",11349,3.82129094619995,3,3.55,3.67,1.32,6.14
"310","Chalinolobus",7302,15.0344309382,7,NA,15.03,NA,NA
"311","Cheirogaleus",8505,7.81939533799996,6,8.55,8.67,6.46,11.18
"312","Cheiromeles",7180,0.644869127999954,2,1.85,3.25,0.02,11.56
"313","Chelemys",10811,6.61374195729994,3,6.57,6.58,5.03,8.15
"314","Chibchanomys",10633,0.522986959099967,2,0.89,1.5,0,5.19
"315","Chilonatalus",7172,6.79684613099997,2,6.92,6.98,4.47,9.66
"316","Chimarrogale",6247,7.64181611349997,6,7.74,7.82,5.45,10.43
"317","Chinchilla",9277,2.04587922399995,2,2.01,2.08,0.78,3.51
"318","Chionomys",10323,7.24916191619994,3,6.58,6.6,4.94,8.47
"319","Chiroderma",7858,3.88033760340005,6,4.11,4.24,2.64,6.04
"320","Chiromyscus",9753,6.37647495339993,3,7.1,7.13,5.35,8.84
"321","Chiropodomys",10099,7.77689865269994,6,8.11,9.2,1.21,19.56
"322","Chiropotes",8595,2.27966999099993,4,2.22,2.27,1.21,3.44
"323","Chiruromys",10110,4.45629943519995,3,3.12,4.15,0.14,11.46
"324","Chlorocebus",8836,1.83003374179995,6,2.6,2.65,1.77,3.67
"325","Chlorotalpa",11457,2.07546138699999,2,1.53,1.8,0.12,4.25
"326","Chodsigoa",6239,7.01656182349998,8,7.03,7.36,4.28,11.61
"327","Choeroniscus",7956,1.41078482579002,3,1.15,1.54,0.2,3.75
"328","Choloepus",11365,5.41619762499997,2,6.3,6.47,2.75,10.4
"329","Chrotomys",10268,5.15414057479995,5,5.05,5.07,3.73,6.46
"330","Chrysochloris",11444,8.25932279200001,3,8.14,8.54,3.53,14.65
"331","Chrysospalax",11459,0.943757288,2,2.43,2.94,0.05,7.25
"332","Cistugo",7288,0.552971915999962,2,0.68,0.74,0.13,1.49
"333","Clyomys",9369,4.44051601699994,2,1.32,1.72,0.01,4.57
"334","Coccymys",10117,1.72444706709996,3,2.14,2.9,0.03,7.81
"335","Coelops",8174,2.72197768800001,3,3.57,3.87,1.52,7.29
"336","Coendou",9255,6.23147611599995,15,4.72,4.8,3.18,6.38
"337","Coleura",7159,3.75682672199994,3,3.19,3.25,1.71,4.91
"338","Colobus",8783,2.31593125699996,5,2.56,2.72,1.41,4.35
"339","Conepatus",7073,4.94009702499997,4,4.36,4.54,1.99,7.32
"340","Congosorex",5990,7.79030713199998,3,5.13,7.12,0.12,20.4
"341","Conilurus",10209,3.56955859119995,2,1.06,1.52,0.01,4.43
"342","Connochaetes",6773,0.539062817999962,2,0.78,0.83,0.1,1.52
"343","Corynorhinus",7487,4.23251536699996,3,6.32,6.35,3.64,8.92
"344","Crateromys",9677,3.64431326879995,4,4.02,4.4,0.52,9.09
"345","Cratogeomys",11200,4.89712925089992,7,4.18,4.22,3.03,5.49
"346","Cremnomys",9979,0.363481830399934,2,1.49,2.89,0.01,10.98
"347","Cricetomys",11023,4.00874357199999,2,6.35,6.47,2.98,10.22
"348","Cricetulus",10449,22.141058724,8,22.95,23,19.68,26.6
"349","Crocidura",6031,15.0468531535,192,13.62,13.59,10.99,16.3
"350","Crossarchus",6862,2.23459904699996,4,1.86,1.89,1.14,2.76
"351","Crunomys",9707,2.47811253199995,4,3.29,3.45,1.94,5.44
"352","Cryptochloris",11447,0.289156228000024,2,1.54,1.89,0.04,4.73
"353","Cryptonanus",11516,5.21720730499993,5,5.37,6.25,2.91,13.76
"354","Cryptoprocta",6832,0.973449106699945,2,1.8,2.65,0.03,7.95
"355","Cryptotis",6269,14.186496965,38,12.21,12.92,8.71,19.42
"356","Ctenodactylus",9180,1.29914560799998,2,1.69,1.78,0.52,3.2
"357","Ctenomys",9394,5.82704412899994,65,5.84,6.77,3.61,13.3
"358","Cuniculus",9219,4.29380786199997,2,3.41,3.44,1.59,5.27
"359","Cuscomys",9476,0.216249278599975,2,0.99,1.49,0.01,4.48
"360","Cynomops",7240,1.49835438689996,5,2.92,3.17,1.45,5.85
"361","Cynomys",9058,1.91637644929995,5,1.61,1.64,0.98,2.4
"362","Cynopterus",8350,3.5976883047,7,4.68,4.78,3.13,6.5
"363","Dactylomys",9296,4.97921590649995,3,3.7,3.77,2.24,5.55
"364","Dactylopsila",11819,2.06211537800002,3,5.02,5.34,0.43,10.8
"365","Dama",6592,2.80794056629998,2,2.76,2.79,1.6,4.13
"366","Damaliscus",6776,1.51071236209998,2,2.26,2.34,1.16,3.67
"367","Dasycercus",11655,2.7602620559,2,2.57,3.27,0.02,8.42
"368","Dasymys",9937,2.27066298789995,5,3.62,4.91,1.68,12.07
"369","Dasyprocta",9223,5.77461354899995,11,4.68,4.93,2.64,7.78
"370","Dasypus",11340,24.664124104,7,19.46,20.8,7.36,37.68
"371","Dasyurus",11641,11.2933064783,6,9.55,9.65,7.47,12
"372","Delomys",10881,4.37768055259991,4,3.66,3.71,2.51,5.09
"373","Delphinus",6548,0.795213231769907,2,0.41,0.43,0.1,0.77
"374","Dendrogale",8381,18.533148898,2,24.6,25.11,16.39,35.08
"375","Dendrohyrax",11385,2.88081527809996,3,5.09,5.44,0.64,10.91
"376","Dendrolagus",11716,13.190433248,14,11.21,11.39,8.78,14.15
"377","Dendromus",11033,24.677216516,13,23.27,23.46,17.15,29.87
"378","Dermanura",7883,4.18608664340007,12,5.02,5.05,3.77,6.29
"379","Desmalopex",8233,0.922638602500029,2,1.09,1.15,0.29,2
"380","Desmodus",7981,0.731760216000055,2,1.94,3.01,0.01,9.44
"381","Desmomys",9906,0.998810369899957,2,1.53,2.59,0.01,8.91
"382","Diclidurus",7134,6.24914800499997,4,6.89,6.98,4.8,9.51
"383","Dicrostonyx",10298,11.6065768089999,8,4.43,5.73,1.87,12.49
"384","Didelphis",11566,5.04724036899992,6,5.11,5.18,3.55,6.89
"385","Diplomys",9299,1.15249327549998,2,1.32,1.79,0.01,4.97
"386","Dipodomys",11143,8.40470873299995,21,7.84,7.91,6.18,9.82
"387","Dobsonia",8193,5.82112941400001,13,7.55,8.47,4.75,14.66
"388","Dolichotis",9238,8.55820747499996,2,7.4,7.48,4.74,10.11
"389","Dorcopsis",11724,5.73150585649998,4,5.25,5.48,3.15,8.52
"390","Dorcopsulus",11728,1.06110151250002,2,0.85,1.03,0.02,2.6
"391","Dremomys",8915,9.43138494489997,6,7.36,7.43,5.56,9.49
"392","Dryomys",8869,7.66671796699998,3,3.54,4.5,0.07,11.44
"393","Dusicyon",6940,0.416974705999962,2,0.97,1.17,0.01,2.85
"394","Dyacopterus",8357,3.40177909799999,3,4.13,5.73,0.13,16.49
"395","Echimys",9306,5.22679281539996,3,3.33,3.75,0.19,8.2
"396","Echiothrix",9728,1.85397133639995,2,1.05,1.8,0.01,6.11
"397","Echymipera",11594,9.21485593370002,5,8.19,8.25,6.11,10.48
"398","Eidolon",8223,4.46913519420002,2,2.48,2.63,0.76,4.92
"399","Elephantulus",11393,25.175499273,11,27.59,28.3,18.02,38.97
"400","Elephas",11381,1.24082190309997,3,1.67,1.79,0.4,3.42
"401","Eligmodontia",10837,5.34557818859994,7,4.67,4.7,3.35,6.1
"402","Eliomys",8871,7.17636543999998,3,2.17,2.89,0.68,8.04
"403","Eliurus",11059,17.2845715989999,12,14.16,14.3,9.75,18.63
"404","Ellobius",10403,9.16216959819994,5,8.49,8.52,6.29,10.81
"405","Emballonura",7149,25.953129906,10,25.07,25.14,20.36,29.76
"406","Eolagurus",10413,2.80532771119996,2,0.87,1.12,0.01,3.06
"407","Eonycteris",8313,5.33893732799999,3,5.76,5.82,3.83,7.96
"408","Eospalax",9506,5.13076327899998,3,5.58,5.71,3.18,8.18
"409","Eothenomys",10440,5.39049038519994,8,5.53,5.56,4.35,6.85
"410","Episoriculus",6233,18.3913916678,4,16.53,16.61,13.27,20.12
"411","Epomophorus",8329,2.44546476469998,8,2.52,2.58,1.66,3.72
"412","Epomops",8326,2.30036687649999,3,2,2.09,0.2,4.09
"413","Eptesicus",7293,18.70096289,25,18.87,18.87,18.7,19.04
"414","Equus",6417,5.74421566699999,11,6.08,6.25,4.42,8.35
"415","Erinaceus",6397,5.25414800099998,4,4.22,4.28,2.76,5.95
"416","Erophylla",7949,0.288122583100034,2,0.55,0.58,0.11,1.11
"417","Eubalaena",6473,4.36656729799995,3,4.32,4.41,3.33,5.58
"418","Eudorcas",6697,3.56683261653995,4,1.61,1.93,0.37,4.19
"419","Eulemur",8463,3.67084998499993,12,3.62,3.64,2.57,4.69
"420","Eumops",7249,8.82901767129999,14,8.94,9.05,6.9,11.21
"421","Euneomys",10805,4.68913378549996,4,7.36,7.42,5.22,9.6
"422","Euoticus",8426,1.49285431699997,2,1.41,2.57,0.01,9.03
"423","Euroscaptor",5947,8.83660198659999,7,9.16,9.29,6.84,11.7
"424","Euryoryzomys",11007,8.82991672583995,6,8.42,8.42,6.7,9.98
"425","Exilisciurus",8901,7.42314582799995,3,8.03,8.22,4.58,12.28
"426","Falsistrellus",7391,5.06797779680994,5,3.76,3.73,1.03,6.38
"427","Felis",6889,2.17188950999997,6,2.35,2.41,1.45,3.51
"428","Fukomys",9202,5.72797873299999,14,4.55,4.84,2.89,7.84
"429","Funambulus",8896,7.08662438299996,5,7.95,8.63,3.74,15.85
"430","Funisciurus",8968,16.7614768711,10,15.29,15.36,12.32,18.53
"431","Galago",8414,2.08989840299998,4,3.05,3.09,1.86,4.42
"432","Galagoides",8410,10.496670029,8,9.78,9.88,7.72,12.16
"433","Galea",9240,16.7767003971999,4,8.29,8.64,5.05,13.05
"434","Galictis",7027,2.74873125509993,2,3.3,3.33,2.19,4.66
"435","Galidictis",6829,0.0558301706999487,2,0.9,1.08,0.01,2.62
"436","Gazella",6701,2.29699988282997,10,2.49,2.55,1.74,3.46
"437","Genetta",6807,2.93332547899993,14,2.9,3.14,1.78,4.73
"438","Geocapromys",9376,3.37978321299994,4,2.43,2.75,0.84,5.59
"439","Geomys",11177,6.48321003099994,10,5.86,5.91,4.21,7.55
"440","Gerbilliscus",9602,14.175040011,12,14.27,14.33,12.09,16.8
"441","Gerbillurus",9602,14.175040011,4,14.27,14.33,12.09,16.8
"442","Gerbillus",9552,9.92063031599994,48,9.94,10,8.16,11.84
"443","Glaucomys",9148,2.37708153999998,2,1.98,2.02,1,3.13
"444","Glauconycteris",7292,21.198257942,12,22.46,22.69,19.03,26.47
"445","Glischropus",7339,4.68534568410001,4,4.03,4.37,0.67,8.61
"446","Globicephala",6531,0.661905025319953,2,0.4,0.43,0.04,0.79
"447","Glossophaga",7941,6.82705488810004,5,6.39,6.46,4.76,8.29
"448","Glyphonycteris",7819,10.6952033218001,3,10.96,11.05,8.16,14
"449","Gorilla",8730,0.853372420999989,2,1.1,1.14,0.53,1.84
"450","Gracilinanus",11521,13.894128278,7,12.25,12.4,9.07,15.68
"451","Grammomys",9955,8.08727815389994,12,8.12,8.86,5.74,13.68
"452","Graomys",10834,2.34854931159995,4,3.06,3.51,1.58,7.55
"453","Graphiurus",8873,23.809046111,15,13.76,14.17,4.59,24.74
"454","Habromys",10566,6.21253825400001,7,7.9,7.8,7.58,8.33
"455","Hadromys",10133,1.35355780679996,2,0.94,1.59,0,5.32
"456","Haeromys",9686,2.16445529349994,3,2.17,2.9,0.15,7.57
"457","Handleyomys",10968,10.87681538534,9,10.16,10.19,7.66,12.82
"458","Hapalemur",8459,3.70741960389992,5,3.47,3.51,2.37,4.83
"459","Hapalomys",10263,1.49197585779993,2,0.97,1.72,0,6.11
"460","Harpiocephalus",7578,0.504947880699973,2,0.63,0.68,0.07,1.33
"461","Harpiola",7619,0.311313302879967,2,1.5,2.55,0.01,8.87
"462","Harpyionycteris",8192,4.02484923900002,2,3.41,3.48,1.99,5.1
"463","Heliosciurus",8979,9.85622694409997,6,8.06,8.3,4.3,12.73
"464","Helogale",6865,2.94412480499997,2,3.22,3.26,1.87,4.68
"465","Hemicentetes",11439,3.29350166399999,2,4.43,5.86,0.04,15.86
"466","Hemiechinus",6407,2.05430150499996,2,1.22,1.45,0.01,3.58
"467","Herpestes",6834,5.12060795199994,14,6.11,6.17,4.85,7.62
"468","Hesperoptenus",7293,18.70096289,5,18.87,18.87,18.7,19.04
"469","Heteromys",11212,6.18660268499994,10,5.62,5.67,4.17,7.36
"470","Hippidion",6416,0.283411713999982,2,0.27,0.3,0.02,0.63
"471","Hippocamelus",6614,4.30414306629996,2,3.06,3.07,1.8,4.16
"472","Hippopotamus",6468,2.39697486099993,3,2.32,2.53,0.1,5.43
"473","Hipposideros",8102,21.584164961,73,21.69,21.88,17.99,26.45
"474","Hippotragus",6778,4.11216391599996,3,4.51,4.53,2.83,6.3
"475","Histiotus",7455,1.54350951909998,7,3.04,3.17,0.88,5.61
"476","Holochilus",10951,4.45502967943997,4,5.34,5.42,3.88,7.16
"477","Homo",8727,0.491771101999973,4,0.88,0.9,0.42,1.36
"478","Hoolock",8721,0.930935843999976,2,0.9,0.92,0.24,1.57
"479","Hsunycteris",7931,4.13091471480007,3,4.27,4.31,2.76,5.85
"480","Hyaena",6867,1.16946651199996,2,2.15,2.19,1.08,3.33
"481","Hybomys",9898,4.26565084019998,6,7.65,7.71,4.56,11.2
"482","Hydrochoerus",9237,1.28620408299997,2,1.92,2.7,0.02,7.72
"483","Hydromys",10160,1.59556398429996,4,1.57,1.59,0.38,2.72
"484","Hylaeamys",10978,8.71421085683994,7,8.59,8.64,6.83,10.56
"485","Hylobates",8708,1.96698019199997,7,2.45,2.48,1.67,3.35
"486","Hylomys",6389,40.347388703,3,34.33,34.44,28.49,40.38
"487","Hylomyscus",10058,9.04423966139993,15,10.31,10.33,8.36,12.29
"488","Hylopetes",9126,10.0209291399,9,8.82,8.85,6.91,10.96
"489","Hyomys",10120,0.125534682499989,2,1.45,2.43,0.01,8.36
"490","Hyosciurus",8928,1.07231230059998,2,1.53,2.1,0.02,5.93
"491","Hyperacrius",10416,5.43900043439996,2,1.74,2.33,0.01,6.4
"492","Hyperoodon",6502,4.67299437929992,2,2.37,2.42,0.81,4.1
"493","Hypsugo",7375,3.7701340006,4,4.42,4.48,2.66,6.55
"494","Hystrix",9187,3.75257435849994,8,4.31,4.42,2.5,6.49
"495","Ichthyomys",10638,6.10175177289997,4,3.09,3.74,0.32,9.4
"496","Ictidomys",9051,2.91976461989995,3,2.06,2.09,1.1,3.21
"497","Ictonyx",7030,4.06581100669993,2,5.02,5.07,3.51,6.73
"498","Idiurus",9488,0.932727135999983,2,4.57,6.13,0.04,16.66
"499","Inia",6558,3.04798500939995,3,1.7,1.75,0.75,2.73
"500","Iomys",9146,0.847625488999995,2,1.75,2.6,0.01,7.81
"501","Isolobodon",9374,1.72076908999995,2,0.75,1.24,0,4.01
"502","Isoodon",11584,4.34331903900002,3,3.54,3.57,2.08,5.17
"503","Isothrix",9285,7.22938289099994,6,5.32,5.35,3.54,7.28
"504","Isthmomys",10519,0.836148066999982,2,2.5,3.77,0.03,11.78
"505","Jaculus",11115,3.24903671099992,3,2.61,2.64,1.24,4
"506","Juliomys",10827,5.94767585089994,3,5.77,5.81,4.09,7.76
"507","Juscelinomys",10664,3.90196629079995,3,2.34,2.52,0.1,4.95
"508","Kerivoula",7549,14.6505246117,22,15.7,15.82,12.44,19.05
"509","Kerodon",9236,4.05802708999997,2,3.79,3.86,1.87,5.83
"510","Kobus",6674,4.07126845049996,5,4.18,4.21,2.82,5.69
"511","Kogia",6492,3.23898986579994,2,3.55,3.6,1.9,5.42
"512","Kunsia",10733,6.39171136819994,2,1.82,2.51,0.02,7.13
"513","Laephotis",7370,1.49105288729999,4,1.57,1.77,0.63,3.67
"514","Lagenorhynchus",6521,4.99676233149995,6,5.46,5.51,4.08,7.02
"515","Lagidium",9274,3.59773093399994,4,3.7,3.77,2.23,5.49
"516","Lagorchestes",11778,7.96849610019999,4,5.77,5.89,3.98,8.33
"517","Lagostomus",9272,1.64728778399996,2,1.96,3.38,0.01,11.55
"518","Lagothrix",8687,0.520935299999962,4,1.16,1.33,0.24,2.89
"519","Lama",6441,0.368471047999975,2,0.93,0.95,0.36,1.62
"520","Lariscus",8904,5.77042238899995,4,5.6,6.25,0.39,13.45
"521","Lasiopodomys",10382,5.53720260499995,2,4.09,4.13,2.7,5.56
"522","Lasiorhinus",11680,1.19272366899997,2,1.63,1.69,0.51,2.96
"523","Lasiurus",7509,15.6149862526999,16,13.63,13.84,10.84,17.46
"524","Leggadina",10204,0.987754586399944,2,2.21,2.28,0.95,3.8
"525","Lemmus",10312,10.9904703142,5,9.35,9.4,7.18,11.66
"526","Lemniscomys",9919,7.80719514509997,11,7.62,7.66,5.95,9.22
"527","Leontocebus",8616,1.67542547399998,9,2.16,2.2,1.44,3.06
"528","Leontopithecus",8647,2.927629728,4,2.2,2.98,0.17,8.28
"529","Leopardus",6879,1.74886943389996,7,2.14,2.21,1.04,3.48
"530","Leopoldamys",9732,4.29304468769996,6,5.6,5.64,4.17,7.11
"531","Lepilemur",8479,6.30746506999995,26,7.75,8.2,5.36,12.95
"532","Leporillus",10207,0.780579894299962,2,1.45,1.99,0.01,5.67
"533","Leptomys",10156,3.84956552439996,3,2.61,3.1,0.25,7.12
"534","Leptonycteris",7939,5.43442934510003,3,5.46,5.53,3.67,7.49
"535","Lepus",11284,14.70935984,32,14.08,14.18,11.54,16.99
"536","Limnomys",9850,2.82959034169994,2,2.43,2.47,1.46,3.49
"537","Liomys",11207,13.867919931,5,11.7,11.78,9.14,14.8
"538","Lissodelphis",6485,0.771614555899987,2,0.32,0.35,0.03,0.71
"539","Lonchophylla",7917,9.34071969580009,14,11.19,11.28,8.89,13.81
"540","Lonchorhina",7782,22.5149231600001,5,22.63,22.69,19.03,26.56
"541","Lontra",7034,2.37731472969995,4,2.89,2.92,1.9,4
"542","Lophocebus",8811,6.48746916499996,2,6.56,6.56,5.19,8
"543","Lophostoma",7789,7.56667101780008,8,8.32,8.55,5.86,11.8
"544","Lophuromys",9640,19.2690609717,23,14.82,15.92,9.66,25.47
"545","Loris",8407,0.906240182999966,2,1.07,1.09,0.38,1.71
"546","Loxodontomys",10849,1.00687944752994,2,1.78,2.39,0.03,6.43
"547","Lutra",7038,4.69900538999994,3,5.46,5.49,4,6.99
"548","Lutreolina",11558,1.31458721499993,2,1.18,1.23,0.33,2.25
"549","Lynx",6895,3.07025885069996,4,3.19,3.22,2.22,4.25
"550","Macaca",8789,6.29016538199997,23,5.22,5.23,4.09,6.37
"551","Macroglossus",8189,0.739742035999996,2,2.1,2.13,0.99,3.35
"552","Macropus",11764,8.93531512419997,14,6.87,6.95,5.38,8.9
"553","Macroscelides",11396,13.4495989676,3,14.65,14.94,8.32,23.15
"554","Macrotarsomys",11072,20.865750956,3,26.03,26.2,19.85,33.38
"555","Macrotis",11580,3.97660034999998,2,3.75,6.12,0.02,20.86
"556","Macrotus",7982,12.167180083,2,9.9,9.99,6.75,13.32
"557","Macruromys",10112,0.393360684599969,2,1.58,2.7,0.02,9.51
"558","Madoqua",6688,4.32595949009993,4,4.53,4.56,2.92,6.24
"559","Makalata",9320,5.28562359859995,3,5.12,5.29,2.77,7.86
"560","Malacomys",10096,11.0323730615,3,9.18,9.35,6.11,12.77
"561","Mallomys",10137,5.88970681279997,4,4.21,4.7,0.38,9.88
"562","Mammelomys",10140,7.90315046729995,2,1.48,2.37,0.01,7.89
"563","Mammuthus",11380,0.557404638699978,2,0.99,1.1,0.13,2.29
"564","Mandrillus",8819,2.60247406099995,2,2.73,2.75,1.82,3.68
"565","Manis",7083,13.418841454,4,12.1,13.07,0.68,26.61
"566","Margaretamys",9756,4.72385116699994,4,4.49,5.01,0.55,10.37
"567","Marmosa",11499,23.786713689,15,19.1,19.17,15.24,23.12
"568","Marmosops",11540,22.566632034,16,18.47,18.67,14.12,23.46
"569","Marmota",9063,4.96662014799998,14,4.26,4.32,3.2,5.63
"570","Martes",7063,6.01438264919994,8,7.36,7.43,5.78,9.25
"571","Mastomys",10022,13.6396380243999,8,13.59,13.67,11.78,15.85
"572","Maxomys",9694,12.7800370559999,18,11.74,11.84,9.65,13.9
"573","Mazama",6609,7.09734375749994,10,6.13,6.14,4.51,7.7
"574","Megaderma",8000,13.278967731,2,15.17,15.25,11.42,18.79
"575","Megadontomys",10578,4.60702872179996,3,3.93,3.96,2.69,5.33
"576","Megaerops",8347,5.79039949369999,4,5.76,5.82,4.24,7.43
"577","Megaloglossus",8323,0.723648217999994,2,1.1,1.13,0.29,1.93
"578","Megalomys",10966,0.926783383839961,2,1.03,1.68,0.01,5.67
"579","Melanomys",10929,0.594664287239965,3,1.48,1.53,0.17,2.92
"580","Meles",7015,2.02620279629997,3,2.77,2.81,1.79,3.95
"581","Melogale",7020,2.98314446219996,5,4.22,4.7,1.88,9.22
"582","Melomys",10221,5.56868128329998,22,6.24,6.41,4.68,8.78
"583","Melonycteris",8234,9.63770303750002,3,8.98,9.1,6.39,11.75
"584","Mephitis",7077,2.58013391099999,2,2.78,2.87,1.22,4.67
"585","Meriones",9522,12.422994325,17,12.88,12.94,10.4,15.68
"586","Mesechinus",6406,2.15924158499996,2,2.5,2.54,1.11,3.95
"587","Mesembriomys",10210,1.35191593479993,2,1.17,1.59,0.01,4.43
"588","Mesocapromys",9388,1.72756742629994,5,1.41,1.48,0.62,2.48
"589","Mesocricetus",10464,5.48318723399998,4,4.8,4.86,3.41,6.44
"590","Mesomys",9324,4.03925777649997,4,4.34,4.46,2.42,6.44
"591","Mesoplodon",6471,17.6869883919999,14,17.34,17.44,13.64,21.42
"592","Mico",8626,4.274943976,14,5.37,5.52,3.85,7.59
"593","Microcavia",9244,5.11543085699995,3,5.65,5.84,2.71,9.07
"594","Microcebus",8513,5.80754419399995,21,5.79,5.88,4.25,7.48
"595","Microdipodops",11142,6.72796261599993,2,7.35,7.42,5,10.15
"596","Microgale",11413,23.342258333,22,28.09,28.45,19.78,38.01
"597","Microhydromys",9909,3.04617147189998,2,1.07,1.77,0.01,5.9
"598","Micronycteris",7967,10.0877549160001,11,11.82,11.93,9.23,14.83
"599","Microperoryctes",11591,7.10117262,4,4.08,4.54,1.86,8.39
"600","Micropotamogale",11410,4.53159274099997,2,4.9,6.89,0.06,19.52
"601","Micropteropus",8334,0.330667857299972,2,0.15,0.18,0,0.43
"602","Microryzomys",10898,2.14043724413995,2,1.05,1.35,0.01,3.58
"603","Microsciurus",9090,9.82901028290001,4,8.82,8.89,6.92,11.18
"604","Microtus",10325,10.4325288431,64,9.54,9.55,8.15,11.03
"605","Millardia",9974,6.91531889139992,4,9.2,9.46,6.19,13.19
"606","Mimon",7787,19.3490997378001,4,17.87,17.85,15.01,21.15
"607","Miniopterus",7734,11.076557144,32,9.78,10.81,6.41,18.51
"608","Miopithecus",8854,1.25583309559994,2,1.92,1.95,1.03,2.9
"609","Mirounga",6983,0.940391273999921,2,1.14,1.18,0.57,1.9
"610","Mirza",8512,1.15190756899995,2,1.06,1.1,0.46,1.8
"611","Mirzamys",9731,0.971835437699951,2,1.16,1.87,0.01,6.19
"612","Mogera",5955,6.08458008059998,8,5.65,5.72,3.79,7.74
"613","Molossops",7236,7.68642257689996,4,8.89,8.97,6.97,11.23
"614","Molossus",7178,16.180201905,9,18.65,18.95,14.46,23.43
"615","Monodelphis",11475,18.067566331,24,15.36,15.6,12.05,19.23
"616","Monophyllus",7945,5.83043042510005,2,4.6,4.65,2.78,6.64
"617","Mops",7183,8.85519662584997,16,7.12,7.24,5.23,9.43
"618","Mormoops",7983,13.636977239,2,11.13,11.23,7.43,14.93
"619","Mormopterus",7178,16.180201905,14,18.65,18.95,14.46,23.43
"620","Moschiola",6562,2.63292509499993,3,2.72,4.13,0.4,13.43
"621","Moschus",6631,3.92472081899993,7,3.67,3.99,1.54,6.71
"622","Mungos",6859,4.82284045561997,2,1.3,1.73,0.01,4.69
"623","Muntiacus",6577,2.75490565969994,13,3.55,3.77,1.96,6.08
"624","Murexia",11660,11.9053974639,5,10.85,10.9,8.23,13.45
"625","Murina",7583,13.2682655528999,35,12.89,12.95,10.63,15.53
"626","Mus",9982,14.4933525723999,39,15.41,15.51,12.94,18.07
"627","Musseromys",9666,4.97642051499994,4,4.14,4.55,0.48,9.75
"628","Mustela",7044,6.47699176939994,17,7.65,7.72,6.17,9.23
"629","Mydaus",7081,4.31222422099998,2,4.37,4.46,1.88,7.12
"630","Mylomys",9916,3.13489884319998,2,1.19,1.9,0,6.18
"631","Myodes",10417,6.04964213739996,11,6.92,6.94,5.65,8.24
"632","Myoictis",11650,6.23272380460003,4,4.56,4.63,2.83,6.56
"633","Myomimus",8866,4.16347064849995,3,2.49,3.47,0.05,9.91
"634","Myomyscus",10023,12.7097888755,4,12.24,12.31,10.63,14.16
"635","Myonycteris",8319,2.93821626900001,4,2.97,3.02,1.95,4.23
"636","Myoprocta",9222,4.75271210899996,2,3.75,3.8,1.99,5.74
"637","Myopterus",7177,1.72621332379995,2,1.14,2.27,0.01,8.3
"638","Myosorex",5972,15.010698852,19,14.56,15.2,9.69,23.44
"639","Myospalax",9504,8.05044458299997,3,4.19,4.8,1.72,10.16
"640","Myotis",7621,14.101270726,114,13.45,13.52,11.04,16.31
"641","Mysateles",9385,1.19719096659995,4,1.61,1.65,0.33,2.99
"642","Mystacina",7990,2.70307470100002,2,3.47,6.67,0.01,25.39
"643","Myzopoda",7766,0.504078499999991,2,0.65,0.69,0.18,1.32
"644","Naemorhedus",6737,2.7222345591,4,3.3,3.34,2.3,4.53
"645","Nanger",6694,2.23462778733997,3,1.99,2.02,0.99,3.01
"646","Nasua",7006,3.16766933429997,2,3.7,3.74,2.57,5.07
"647","Nasuella",7008,1.95484877089999,2,1.57,1.61,0.65,2.64
"648","Natalus",7164,2.71762957299998,9,3.58,4.24,1.65,8.42
"649","Neacomys",10889,10.89840117714,8,10.03,10.1,8.31,12.11
"650","Neamblysomus",11456,1.40686419719995,2,1.07,1.19,0.19,2.51
"651","Necromys",10670,7.09968155139993,9,6.89,6.92,5.49,8.29
"652","Nectomys",10946,3.93202215023996,5,3.55,3.82,1.99,6.57
"653","Nelsonia",10493,1.365846807,2,1.03,1.6,0,5.13
"654","Neodon",10383,8.65915354109995,6,8.05,8.08,6.78,9.24
"655","Neofelis",6910,1.00272706799996,2,1.44,1.49,0.46,2.54
"656","Neomonachus",6980,4.61725178999993,2,4.95,5.01,3.65,6.5
"657","Neomys",6231,9.01181979179998,3,7.53,7.54,4.91,10.26
"658","Neophocaena",6520,0.187674437499965,2,0.19,0.22,0.01,0.49
"659","Neoromicia",7362,11.3427606283,15,11.72,11.79,9.39,14.17
"660","Neotoma",10470,8.49562580599996,22,9.24,9.31,7.28,11.26
"661","Neotragus",6666,12.5544890897,2,13.51,13.57,11.38,15.75
"662","Neovison",7061,1.20683315339994,2,1.15,1.45,0.01,3.87
"663","Nephelomys",10984,7.27725133583996,7,7.26,7.34,5.29,9.64
"664","Nesokia",9852,0.448354575499934,2,0.77,0.99,0.01,2.64
"665","Nesolagus",11282,0.222156722999955,2,1.14,2.26,0.01,8.2
"666","Nesomys",11079,7.80071666159998,3,6.45,6.76,2.89,11.27
"667","Nesophontes",6262,24.515263314,6,6.4,8.3,0.92,20.64
"668","Nesoryzomys",10933,3.69955387723996,5,3.92,3.96,2.62,5.29
"669","Neusticomys",10625,3.12250079989994,6,4.51,4.71,1,8.67
"670","Ningaui",11625,15.870693075,3,13.3,13.34,9.98,16.95
"671","Niviventer",9738,7.80082918339994,16,8.28,8.3,6.87,9.7
"672","Noctilio",7775,2.337814896,2,2.05,2.06,1.01,3.26
"673","Nomascus",8715,2.21243036499999,7,2.49,2.53,1.67,3.4
"674","Notiosorex",6256,7.0223127328,4,6.97,7.56,3.49,13
"675","Notocitellus",9082,3.07222296399996,2,4.62,4.67,2.81,6.57
"676","Notomys",10193,3.38548902289995,9,4.55,4.79,2.38,7.71
"677","Notopteris",8372,0.0373644965899871,2,0.94,1.67,0,5.76
"678","Notoryctes",11577,7.44065192799999,2,6.13,6.19,3.63,8.95
"679","Nyctalus",7342,7.58072773910001,8,7.52,7.59,5.55,9.78
"680","Nycteris",7093,15.166355724,16,20.3,22.93,13.07,40.03
"681","Nycticebus",8402,5.09904204099996,6,4.67,4.84,3.14,6.54
"682","Nycticeius",7545,10.791098572,3,3.75,5.51,0.06,16.76
"683","Nyctimene",8208,7.12234474220003,15,6.48,7.11,4.17,12.23
"684","Nyctinomops",7231,6.09568520129997,5,5.87,5.98,3.71,8.19
"685","Nyctophilus",7396,5.06705252310994,14,4.33,4.35,2.43,6.36
"686","Ochotona",11248,13.148207804,28,13.44,13.67,10.67,16.68
"687","Octodon",9465,4.81570616809995,4,3.55,3.61,2.22,5.25
"688","Odocoileus",6622,1.02649750469993,2,1.37,1.4,0.59,2.27
"689","Oecomys",10992,8.35429418133995,16,8.49,8.51,6.81,10.19
"690","Oenomys",9895,7.86079972649995,2,1.31,2.51,0,9.33
"691","Olallamys",9295,1.22648042769995,2,1.55,2.18,0.01,6.3
"692","Oligoryzomys",10900,8.67960709933996,20,7.74,7.76,6.11,9.46
"693","Onychogalea",11716,13.190433248,3,11.21,11.39,8.78,14.15
"694","Onychomys",10521,6.20444242799996,3,5.64,5.66,4.06,7.14
"695","Orcaella",6526,2.14841050821994,2,2.11,2.13,1.14,3.19
"696","Oreamnos",6767,0.893828676699997,2,1.56,2.01,0.01,5.21
"697","Orthogeomys",11188,6.30458719189991,11,6.12,6.14,4.72,7.52
"698","Oryx",6781,1.48605271659997,4,1.63,1.65,0.73,2.48
"699","Oryzomys",10938,6.04753761503997,7,4.68,4.99,3,7.88
"700","Oryzorictes",11436,2.78917953999999,2,5.76,8.4,0.07,25.15
"701","Otolemur",8425,1.79017384399998,2,2.51,2.55,1.56,3.6
"702","Otomops",7262,6.23285977379999,7,5.94,6.45,3.29,10.98
"703","Otomys",9866,11.7500589673999,26,8.94,9.18,7.01,11.33
"704","Otospermophilus",9077,3.23529412699997,3,2.32,2.36,1.43,3.36
"705","Ovis",6748,2.34059946419998,6,2.43,2.47,1.51,3.57
"706","Oxymycterus",10648,4.23707772619994,17,4.17,4.21,3.07,5.44
"707","Pan",8726,2.36688357799997,2,1.36,1.39,0.59,2.17
"708","Panthera",6906,3.30011719669997,5,3.69,3.72,2.68,4.8
"709","Papio",8822,1.79662450269996,5,2.03,2.04,1.44,2.75
"710","Pappogeomys",11199,0.181709881899934,2,1.4,1.77,0.01,4.53
"711","Paracrocidura",6187,4.14467484438998,3,3.78,4.08,1.49,7.65
"712","Paradoxurus",6794,2.02604957099993,4,3.09,3.13,1.83,4.35
"713","Paraechinus",6402,7.15889678699995,4,6.93,6.97,4.78,9.38
"714","Paraleptomys",9723,0.387566532999955,2,1.04,1.77,0.01,5.71
"715","Paramelomys",10213,5.30893961929996,9,6.18,6.04,2.49,9.2
"716","Paranyctimene",8222,1.15063160520003,2,1.82,2.94,0,9.77
"717","Paratriaenops",8099,1.697919947,3,1.83,3.13,0.47,10.91
"718","Paraxerus",8968,16.7614768711,11,15.29,15.36,12.32,18.53
"719","Parotomys",9867,8.62780697639991,2,8.79,8.69,6.79,10.39
"720","Pattonomys",9303,9.56035432259998,2,7.79,7.86,5.45,10.16
"721","Pedetes",9482,2.25056920399996,2,4.26,4.98,0.56,11.12
"722","Pelomys",9911,6.78449836159999,5,4.59,4.71,1.05,8.7
"723","Perameles",11586,9.038070702,4,7.99,8.01,5.84,10.23
"724","Perognathus",11222,10.5292440469999,9,10.43,10.51,8.07,13
"725","Peromyscus",10523,10.474720097,58,11.64,11.66,9.8,13.48
"726","Peropteryx",7137,14.131648634,5,13.94,14.03,10.42,17.72
"727","Peroryctes",11598,7.08014144200001,2,5.65,5.72,3.69,7.99
"728","Petaurillus",9144,4.30060546709998,3,1.75,1.87,0.15,3.75
"729","Petaurista",9160,11.845642402,18,8.89,9.05,6.41,11.69
"730","Petaurus",11813,17.546683937,6,5.87,7.38,2.89,16.87
"731","Petinomys",9135,3.86663053689998,9,3.34,3.34,1.72,5.12
"732","Petrogale",11737,7.79952110449997,16,6.16,6.19,4.62,8.04
"733","Petromyscus",11048,22.986592969,4,25.95,26.13,18.84,33.77
"734","Phacochoerus",6460,6.29274747049999,2,6.72,6.8,4.69,8.84
"735","Phalanger",11698,9.041333807,13,7.75,7.84,5.51,10.5
"736","Phaner",8476,3.36256656099997,4,4.66,5.89,0.31,15.11
"737","Phascogale",11658,9.0368007559,3,7.96,8.09,5.14,11.38
"738","Phascolosorex",11640,3.02025433630001,2,2.45,2.98,0.03,7.3
"739","Phataginus",7088,4.38168824399997,2,3.6,4,1.05,7.72
"740","Phenacomys",10306,3.25698409799995,2,2.97,3.03,1.64,4.52
"741","Philander",11560,7.99983930379992,7,5.91,5.99,4.27,8
"742","Philantomba",6715,2.63551234789998,3,3.51,3.56,2.13,5.15
"743","Phloeomys",9685,1.25655032467995,2,0.29,0.44,0,1.41
"744","Phoca",6994,0.724203762299965,2,0.71,0.73,0.2,1.23
"745","Phocoena",6516,3.28204321455996,4,3.09,3.11,2.05,4.25
"746","Phodopus",10452,7.74985591499998,3,10.4,10.42,7.61,12.99
"747","Phoniscus",7579,5.21861712469996,4,3.89,5.2,0.25,14.15
"748","Phyllomys",9308,8.93841639919995,13,5.34,5.48,3.73,7.36
"749","Phyllonycteris",7950,2.31427912310005,2,2.1,2.15,1.02,3.35
"750","Phyllostomus",7797,13.2012561486001,4,12.53,12.61,10.16,15.3
"751","Phyllotis",10846,10.4498248556,15,9.68,9.74,8.18,11.51
"752","Pipistrellus",7292,21.198257942,49,22.46,22.69,19.03,26.47
"753","Pithecheir",10256,1.75641958529997,2,1.01,1.7,0.01,5.62
"754","Pithecia",8579,8.26017063899994,16,5.97,6.19,3.33,9.33
"755","Plagiodontia",9392,1.05303768299993,2,1.03,1.74,0.01,6.01
"756","Planigale",11627,13.626153507,5,11.31,11.56,7.54,15.34
"757","Platyrrhinus",7836,5.25287742930004,19,5.13,5.19,3.81,6.53
"758","Plecotus",7476,7.74183364199996,11,11.06,11.12,8.38,13.93
"759","Podogymnura",6395,1.59979022299999,2,1.25,1.6,0.02,4.26
"760","Pogonomelomys",9971,11.9455070073999,3,2.24,3.08,0.06,8.73
"761","Pogonomys",10121,8.28530676059998,5,8.15,8.27,6.03,10.66
"762","Poiana",6815,0.138283057009943,2,0.57,0.63,0.02,1.43
"763","Pongo",8723,1.89386749299999,2,1.99,2.02,1.02,3.08
"764","Potamochoerus",6451,2.0679874384,2,1.57,1.62,0.67,2.71
"765","Potorous",11788,11.393172978,4,9.12,9.17,6.64,11.9
"766","Praomys",10022,13.6396380243999,17,13.59,13.67,11.78,15.85
"767","Presbytis",8757,5.26043620759995,11,4.75,4.81,3.54,6.21
"768","Prionailurus",6885,3.00919668089995,4,2.36,2.4,1.26,3.58
"769","Prionodon",6870,7.55750667999996,2,6.52,6.6,4.31,9.16
"770","Procapra",6681,1.08035859339995,3,1.55,1.59,0.61,2.68
"771","Procolobus",8777,5.85264229199996,7,5.46,5.53,3.7,7.25
"772","Procyon",7002,1.13295818129998,3,1.43,2.07,0.39,5.65
"773","Proechimys",9331,10.8508091551999,25,8.61,8.67,6.55,10.72
"774","Proedromys",10399,8.80523506809996,2,9.03,8.7,7.54,9.34
"775","Promops",7246,0.356318873799978,2,1.29,1.84,0.02,5.37
"776","Pronolagus",11277,11.136020072,4,10.91,11.02,7.82,14.57
"777","Propithecus",8434,4.19366284199995,9,4.66,4.81,3.31,6.43
"778","Prosciurillus",8923,3.84231946859998,5,3.22,3.33,0.72,5.93
"779","Protoxerus",8986,1.5899265061,2,1.11,1.81,0.01,6.03
"780","Psammomys",9527,5.40967004983997,2,5.07,5.09,3.3,6.91
"781","Pseudalopex",6929,2.67239987699995,6,2.76,2.8,1.86,3.88
"782","Pseudantechinus",11632,16.181939104,6,14.66,14.8,11.92,17.86
"783","Pseudocheirus",11809,1.78879250999998,2,3.05,4.27,0.03,12.42
"784","Pseudochirops",11795,12.505061136,5,11.09,11.36,7.93,14.69
"785","Pseudochirulus",11802,11.956548562,8,8.94,9.27,5.93,13.48
"786","Pseudohydromys",10145,5.16054750457994,12,5.5,5.41,2.84,7.75
"787","Pseudomys",10167,9.58312046519995,23,10.66,10.74,9.11,12.54
"788","Ptenochirus",8344,9.64289741100001,2,9.3,9.37,7.15,11.68
"789","Pteralopex",8227,1.16927003550003,5,5.36,5.62,0.84,10.65
"790","Pteromys",9159,6.67017064899997,2,4.94,5,3.21,7.01
"791","Pteronotus",7984,13.626138214,7,15.28,15.49,12.06,19.12
"792","Pteropus",8239,7.0463817982,64,8.27,8.35,6.32,10.57
"793","Pudu",6609,7.09734375749994,2,6.13,6.14,4.51,7.7
"794","Punomys",10802,4.63226149649998,2,1.67,2.17,0.01,5.66
"795","Pusa",6991,0.911680714799957,3,1.04,1.03,0.59,1.5
"796","Pygathrix",8773,3.64401363019996,3,2.14,2.19,1.13,3.39
"797","Pygeretmus",11124,0.692405074599918,3,1.26,1.34,0.18,2.69
"798","Raphicerus",6685,4.21583722909995,3,3.97,4.03,2.36,5.72
"799","Rattus",9761,7.59375091959996,66,8.75,8.77,7.38,10.15
"800","Ratufa",8889,9.52966167499997,4,9.05,9.69,4.45,15.75
"801","Redunca",6672,3.57712056049996,3,4.05,4.1,2.56,5.88
"802","Reithrodon",10642,0.342105744899953,2,1.12,1.86,0,6.15
"803","Reithrodontomys",10498,11.121487353,22,11.01,11.03,9.09,13.05
"804","Rhagomys",10643,19.7556967412,2,19.33,19.35,16.46,22.09
"805","Rheomys",10635,4.13305786749996,4,3.2,3.47,0.86,6.56
"806","Rhinoceros",6434,6.31556402399994,2,4.83,4.87,3.28,6.6
"807","Rhinolophus",8004,11.673493783,87,13.65,14.17,10.4,18.79
"808","Rhinophylla",7822,11.6627737234001,3,11.49,11.54,9.03,14.37
"809","Rhinopithecus",8768,2.03224501899996,5,2.22,2.24,1.43,3.08
"810","Rhinopoma",7994,8.45654109,5,10.13,10.76,6.4,15.75
"811","Rhipidomys",10776,10.3936469541999,21,10.8,10.91,8.66,13.4
"812","Rhizomys",9511,5.03384990299998,3,5.6,5.71,3.04,8.73
"813","Rhogeessa",7496,10.7788584582999,12,11.34,11.41,8.64,14.31
"814","Rhynchocyon",11390,41.755456573,4,5.08,10.58,0.55,40.35
"815","Rhynchomys",10264,0.731851352799936,4,1.04,1.07,0.54,1.64
"816","Rousettus",8183,21.214022591,10,22.07,22.27,18.02,26.49
"817","Rucervus",6589,5.22893349799995,3,5.7,5.74,4.23,7.25
"818","Rupicapra",6769,0.980880160400005,2,1.07,1.09,0.33,1.92
"819","Rusa",6595,1.69509235089998,4,2.72,2.73,1.76,3.74
"820","Saccolaimus",7123,3.23661629999998,4,10.86,11.82,1.44,24.5
"821","Saccopteryx",7144,14.351250474,5,11.63,11.72,8.74,14.93
"822","Saccostomus",11046,7.30889695699997,2,4.75,7.34,0.02,23.1
"823","Saguinus",8606,4.79267508129999,11,5.17,5.24,3.91,6.66
"824","Saimiri",8652,1.13470635599995,5,1.52,1.52,0.86,2.29
"825","Salanoia",6831,0.298938956999962,2,0.32,0.34,0.05,0.67
"826","Salpingotus",11106,10.0206339999999,4,6,6.41,0.96,13.01
"827","Sapajus",8657,2.36348537839996,8,1.68,1.74,0.96,2.61
"828","Scapanus",5966,4.214057478,3,4,4.05,2.25,5.91
"829","Scapteromys",10731,1.99344527819994,3,1.83,1.84,1.06,2.69
"830","Sciurocheirus",8423,4.09997882585998,3,0.85,1.19,0.12,3.36
"831","Sciurotamias",8965,1.43591875999996,2,2.44,4.34,0.02,15.66
"832","Sciurus",9089,10.31732704,28,9.55,9.61,7.57,11.93
"833","Scolomys",11017,5.31676116629995,2,6.22,6.3,3.98,8.65
"834","Scotinomys",10594,2.15370059199998,2,3.02,3.07,1.83,4.34
"835","Scotoecus",7305,9.70805539099999,3,3.37,4.13,0.06,9.99
"836","Scotonycteris",8308,2.79196072900001,3,3.07,3.13,1.9,4.49
"837","Scotophilus",7528,9.16266458599998,18,8.49,8.81,6.07,11.62
"838","Scotorepens",7573,3.10221175069998,4,3.57,4.74,0.29,12.42
"839","Scutisorex",6011,5.21477638100001,2,3.75,3.85,1.99,5.83
"840","Semnopithecus",8735,5.50073862759996,7,6.15,6.18,4.74,7.57
"841","Sicista",11091,20.995970053,13,9.71,12.47,4.56,28.06
"842","Sigmodon",10608,11.1190048149,13,10.35,10.48,7.85,12.8
"843","Sigmodontomys",10927,6.52773631223997,2,5.91,5.94,4.48,7.45
"844","Sminthopsis",11604,18.225186036,20,16.18,16.24,13.13,19.66
"845","Smutsia",7087,8.10720224599996,2,6.52,6.81,2.19,11.39
"846","Solenodon",5922,5.297242082,3,5.75,10.9,0.15,39.59
"847","Solomys",10236,0.412046933689993,4,1.98,2.05,0.3,3.81
"848","Sorex",6311,21.470621433,78,20.59,20.84,16.33,25.94
"849","Soricomys",10272,3.78731616979994,4,3.91,3.97,2.89,5.15
"850","Sotalia",6535,0.995410238519952,2,0.88,0.9,0.25,1.62
"851","Sousa",6542,0.455290963019934,3,0.85,0.87,0.17,1.6
"852","Spalax",9495,12.601002173,9,12.77,13.43,7.76,20.23
"853","Spermophilus",9025,4.88952569099993,14,4.9,4.95,3.75,6.28
"854","Spilocuscus",11693,8.783234827,5,5.15,5.67,1.96,10.53
"855","Spilogale",7078,4.34466092599999,4,3.71,3.81,1.78,6.14
"856","Steatomys",11026,22.243127406,8,18.1,17.85,4.87,29.72
"857","Stenella",6537,2.18243583561994,5,1.91,1.92,1.39,2.45
"858","Stenocephalemys",10053,2.76829100199996,4,3.26,3.55,1.85,6.48
"859","Strigocuscus",11691,16.554526552,2,15.14,15.16,11.76,18.62
"860","Sturnira",7894,9.62070177640007,22,8.69,8.86,6.48,11.32
"861","Styloctenium",8237,0.245440771200009,2,0.38,0.4,0.05,0.79
"862","Stylodipus",11117,4.78392947899994,3,2.56,2.77,0.83,5.34
"863","Suncus",5993,20.777015804,19,20.4,20.56,16.9,25.61
"864","Sundamys",9788,0.706109480599963,3,0.96,1.01,0.14,1.96
"865","Sundasciurus",8944,10.8502821189,15,10.76,10.84,8.73,13.19
"866","Surdisorex",6254,0.291143272800014,3,3.22,4.73,0.1,13.91
"867","Sus",6452,2.01300043569998,9,2.29,2.52,1.22,4.55
"868","Syconycteris",8187,3.299372901,3,3.98,5,0.15,12.61
"869","Sylvilagus",11317,7.15235566699997,17,7.17,7.27,5.23,9.51
"870","Sylvisorex",5993,20.777015804,15,20.4,20.56,16.9,25.61
"871","Synaptomys",10312,10.9904703142,2,9.35,9.4,7.18,11.66
"872","Tachyoryctes",9509,5.42906383399998,2,3.49,4.63,0.03,12.2
"873","Tadarida",7181,13.964653587,11,14.58,14.86,12.49,17.42
"874","Taeromys",9776,2.17059011879996,7,3.48,3.45,1.35,5.42
"875","Talpa",5939,8.43496570560001,9,7.26,7.4,5.17,9.72
"876","Tamandua",11362,7.12953819699996,2,4.39,5.33,0.05,13.05
"877","Tamias",8998,9.64188889399995,25,9.31,9.37,7.02,11.67
"878","Tamiasciurus",9121,1.36194482600001,3,1.05,1.08,0.4,1.83
"879","Tamiops",8912,9.18483759789996,4,7.13,7.2,5.4,9.01
"880","Taphozous",7110,26.808709186,14,17.2,17.66,12.27,23.96
"881","Tapirus",6428,11.412898804,5,11.3,11.38,8.74,14.22
"882","Tarsius",8534,12.825027169,10,15.21,15.69,11.43,19.69
"883","Tarsomys",9848,0.449357539199951,2,0.83,1.18,0.01,3.44
"884","Tateomys",10164,0.133316832299954,2,1.03,1.68,0.01,5.51
"885","Taterillus",9543,6.46806022299998,8,8.16,8.45,5.27,12.14
"886","Thallomys",9966,4.67075234300992,4,3.57,3.61,2.39,4.96
"887","Thalpomys",10669,3.93510290279994,2,3.7,3.73,2.34,5.16
"888","Thamnomys",10131,2.62139568079994,3,2.21,3.04,0.07,8.55
"889","Thomasomys",10739,9.28921855289994,37,9.26,9.34,7.39,11.42
"890","Thomomys",11165,8.78609241899994,12,9.1,9.17,7.21,11.26
"891","Thoopterus",8362,0.488126075899999,2,1.81,3.34,0.01,12.37
"892","Thrichomys",9281,18.949324245,5,16.87,17.01,14.18,20.23
"893","Thryonomys",9197,0.737108743999954,2,1.98,4.05,0.01,16.08
"894","Thylamys",11528,11.0130389239999,13,10.1,10.19,7.93,12.74
"895","Thylogale",11730,8.40580165649996,7,7.02,7.02,4.94,8.99
"896","Thyroptera",7770,10.569193593,5,7.13,9.22,3.47,23.38
"897","Tokudaia",10075,7.22241811849995,3,6.62,6.67,4.74,8.79
"898","Tolypeutes",11354,13.785004207,2,5.02,6.16,0.03,15.49
"899","Tonatia",7801,6.97735249860006,2,6.23,6.28,4.14,8.43
"900","Toromys",9302,2.61950081259997,2,3.91,3.95,2.25,5.78
"901","Trachypithecus",8735,5.50073862759996,16,6.15,6.18,4.74,7.57
"902","Tragelaphus",6657,6.74207552799996,9,7.54,7.58,5.56,9.72
"903","Tragulus",6565,15.803664211,6,6.13,6.86,2.98,13.31
"904","Transandinomys",11013,4.36129398783993,2,4.21,4.25,2.85,5.75
"905","Triaenops",8095,3.47911098009999,5,3.07,3.4,1.65,6
"906","Trichechus",11374,2.74851716800001,3,1.53,1.67,0.32,3.22
"907","Trichosurus",11689,4.05839124099998,3,3.48,3.9,1.75,7.63
"908","Trinomys",9281,18.949324245,11,16.87,17.01,14.18,20.23
"909","Tupaia",8383,9.91564968759994,15,11.34,11.69,7.17,16.75
"910","Tursiops",6536,2.46479184781995,3,2.3,2.32,1.68,2.94
"911","Tylomys",10599,8.87385991289997,7,5.75,6.37,3.08,11.02
"912","Tylonycteris",7428,3.14598642649997,3,4.22,4.35,2.25,6.73
"913","Tympanoctomys",9461,0.932149663999951,3,1.03,1.36,0.16,3.4
"914","Urocitellus",9039,5.64081266889994,12,4.54,4.58,3.41,5.91
"915","Urocyon",6916,0.0785328068999718,2,0.38,0.41,0.05,0.8
"916","Uroderma",7827,4.41603811440007,3,3.25,3.3,2.04,4.71
"917","Uromys",10247,6.25186945029998,10,7.34,7.14,3.12,10.43
"918","Uropsilus",5926,10.438667817,5,9.52,9.58,6.6,12.4
"919","Ursus",6953,3.18407173699995,6,3.51,3.54,2.61,4.52
"920","Vampyressa",7829,9.46664725940005,8,9.8,9.86,7.96,11.9
"921","Vandeleuria",10128,5.71499275579995,3,2.11,2.83,0.06,7.58
"922","Varecia",8455,1.01098602499994,2,0.92,0.94,0.3,1.61
"923","Vespadelus",7415,6.48419586829999,9,6.41,6.58,2.41,11.36
"924","Vespertilio",7350,4.36116181,2,4.4,4.43,2.64,6.23
"925","Vicugna",6439,1.13487948799997,2,2,1.99,1.01,2.9
"926","Viverra",6804,2.57720558099993,4,2.65,2.74,1.4,4.25
"927","Voalavo",11071,6.34464325499997,2,3.09,3.92,0.02,10.18
"928","Volemys",10325,10.4325288431,2,9.54,9.55,8.15,11.03
"929","Vulpes",6913,8.50340333619997,12,7.61,7.66,5.68,9.66
"930","Wiedomys",10826,4.31734500089993,2,4.99,5.05,3.31,6.97
"931","Xerospermophilus",9055,4.15761395089996,4,3.18,3.19,2.19,4.21
"932","Xerus",8960,11.751061835,4,10.07,10.18,6.94,13.25
"933","Zaglossus",5915,4.22856872199998,3,10.57,12.04,1.01,26.1
"934","Zalophus",6966,0.346312477899943,3,0.75,0.92,0.07,2.18
"935","Zapus",11137,5.04884724099995,3,3.68,3.74,1.92,5.59
"936","Zelotomys",10044,0.499928223999973,2,1.42,1.89,0.01,5.07
"937","Zygodontomys",11015,1.56884405533995,2,1.91,3.13,0.01,10.52
"938","Zyzomys",10170,0.488761864099956,5,4.06,4.27,0.7,8.16
